iter,vs_random,gate_winrate,promoted,n_samples,loss,elapsed_s
0,0.85,0.975,1,10240,0.15247,2685.5
1,0.9167,0.575,0,20781,0.07378,5329.9
2,1.0,0.975,1,31172,0.055,6410.0
3,0.9833,0.175,0,41563,0.0374,7480.0
